trans_num,trans_date_trans_time,cc_num,merchant,category,amt,gender,lat,long,city_pop,merch_lat,merch_long,is_fraud
txn_0000,2024-01-02 06:00:00,4249387575832211,merchant_16,food_dining,19.74,M,38.138351,-101.521829,141497,38.47181,-101.969867,0
txn_0001,2024-01-02 16:00:00,4773956048555962,merchant_39,misc_pos,118.98,F,44.747752,-86.342126,219719,44.375866,-86.39174,0
txn_0002,2024-01-03 06:00:00,4884145711366816,merchant_39,shopping_net,118.69,M,28.98194,-119.047066,354934,29.118349,-118.974653,0
txn_0003,2024-01-03 11:00:00,4969176377347722,merchant_4,entertainment,71.09,M,41.488474,-99.734479,389486,41.190838,-99.928522,0
txn_0004,2024-01-03 17:00:00,4520672402471537,merchant_5,gas_transport,85.34,M,35.094964,-122.832948,182157,34.703539,-122.660708,0
txn_0005,2024-01-03 21:00:00,4884145711366816,merchant_11,misc_pos,48.69,M,28.98194,-119.047066,354934,29.059958,-118.84729,0
txn_0006,2024-01-03 22:00:00,4773956048555962,merchant_18,gas_transport,98.36,F,44.747752,-86.342126,219719,45.070514,-86.398712,0
txn_0007,2024-01-04 09:00:00,4249387575832211,merchant_4,misc_pos,135.88,M,38.138351,-101.521829,141497,38.617922,-101.219803,0
txn_0008,2024-01-04 10:00:00,4773956048555962,merchant_22,entertainment,1044.87,F,44.747752,-86.342126,219719,46.854383,-82.212723,1
txn_0009,2024-01-04 15:00:00,4520672402471537,merchant_26,food_dining,116.45,M,35.094964,-122.832948,182157,34.702705,-122.416936,0
txn_0010,2024-01-05 07:00:00,4969176377347722,merchant_26,shopping_net,129.21,M,41.488474,-99.734479,389486,41.746994,-99.515016,0
txn_0011,2024-01-05 08:00:00,4884145711366816,merchant_37,grocery_pos,78.71,M,28.98194,-119.047066,354934,28.885975,-119.072897,0
txn_0012,2024-01-05 12:00:00,4520672402471537,merchant_18,entertainment,799.37,M,35.094964,-122.832948,182157,33.02972,-117.556312,1
txn_0013,2024-01-05 15:00:00,4773956048555962,merchant_15,shopping_net,134.5,F,44.747752,-86.342126,219719,45.026136,-86.647488,0
txn_0014,2024-01-05 21:00:00,4884145711366816,merchant_31,misc_pos,45.32,M,28.98194,-119.047066,354934,28.786645,-119.119162,0
txn_0015,2024-01-06 06:00:00,4657863285040527,merchant_36,gas_transport,44.23,F,42.809393,-87.753504,209594,42.673585,-87.939064,0
txn_0016,2024-01-06 09:00:00,4969176377347722,merchant_25,entertainment,99.23,M,41.488474,-99.734479,389486,41.072919,-99.818671,0
txn_0017,2024-01-06 17:00:00,4969176377347722,merchant_7,misc_pos,52.83,M,41.488474,-99.734479,389486,41.132999,-100.131076,0
txn_0018,2024-01-06 18:00:00,4249387575832211,merchant_13,misc_pos,117.95,M,38.138351,-101.521829,141497,37.772903,-101.485761,0
txn_0019,2024-01-06 22:00:00,4657863285040527,merchant_5,entertainment,140.74,F,42.809393,-87.753504,209594,42.747297,-87.870184,0
txn_0020,2024-01-06 23:00:00,4736705688482219,merchant_32,grocery_pos,126.42,F,46.184316,-96.803822,443258,46.178457,-97.187965,0
txn_0021,2024-01-07 05:00:00,4884145711366816,merchant_25,misc_pos,64.27,M,28.98194,-119.047066,354934,28.699569,-118.958759,0
txn_0022,2024-01-07 05:00:00,4773956048555962,merchant_2,shopping_net,104.04,F,44.747752,-86.342126,219719,44.992514,-85.874617,0
txn_0023,2024-01-07 09:00:00,4736705688482219,merchant_20,gas_transport,13.06,F,46.184316,-96.803822,443258,45.964927,-96.969692,0
txn_0024,2024-01-07 11:00:00,4106419531871382,merchant_34,entertainment,9.2,F,47.979409,-88.053024,68694,47.720237,-88.410002,0
txn_0025,2024-01-07 13:00:00,4909552243871349,merchant_21,shopping_net,62.79,M,44.556309,-105.608097,293768,44.973647,-105.477265,0
txn_0026,2024-01-07 15:00:00,4657863285040527,merchant_22,misc_pos,118.14,F,42.809393,-87.753504,209594,42.788762,-87.877144,0
txn_0027,2024-01-07 22:00:00,4553579400657995,merchant_9,food_dining,128.74,M,31.990852,-122.335837,279823,31.724792,-122.777534,0
txn_0028,2024-01-08 06:00:00,4909552243871349,merchant_27,shopping_net,32.78,M,44.556309,-105.608097,293768,44.081132,-105.180637,0
txn_0029,2024-01-08 07:00:00,4884145711366816,merchant_4,misc_pos,676.56,M,28.98194,-119.047066,354934,28.568063,-123.43758,1
txn_0030,2024-01-08 09:00:00,4520672402471537,merchant_13,food_dining,47.18,M,35.094964,-122.832948,182157,35.110021,-123.076983,0
txn_0031,2024-01-08 13:00:00,4370459706034868,merchant_25,entertainment,102.12,M,35.799784,-113.768547,231738,35.736936,-113.435868,0
txn_0032,2024-01-08 22:00:00,4553579400657995,merchant_39,misc_pos,100.98,M,31.990852,-122.335837,279823,32.047884,-122.051939,0
txn_0033,2024-01-09 01:00:00,4370459706034868,merchant_13,gas_transport,121.69,M,35.799784,-113.768547,231738,35.687262,-113.980219,0
txn_0034,2024-01-09 03:00:00,4969176377347722,merchant_7,gas_transport,89.25,M,41.488474,-99.734479,389486,41.335344,-99.643563,0
txn_0035,2024-01-09 07:00:00,4933023221600210,merchant_14,misc_pos,125.27,F,43.500301,-98.761394,317333,43.797118,-99.028753,0
txn_0036,2024-01-09 10:00:00,4969176377347722,merchant_11,shopping_net,74.93,M,41.488474,-99.734479,389486,41.77121,-100.151749,0
txn_0037,2024-01-09 12:00:00,4884145711366816,merchant_23,gas_transport,98.95,M,28.98194,-119.047066,354934,29.134374,-119.230852,0
txn_0038,2024-01-09 15:00:00,4736705688482219,merchant_13,shopping_net,7.13,F,46.184316,-96.803822,443258,46.511489,-96.447274,0
txn_0039,2024-01-09 15:00:00,4249387575832211,merchant_34,grocery_pos,60.84,M,38.138351,-101.521829,141497,38.277914,-101.755366,0
txn_0040,2024-01-09 15:00:00,4909552243871349,merchant_12,misc_pos,6.06,M,44.556309,-105.608097,293768,44.334331,-105.405064,0
txn_0041,2024-01-09 22:00:00,4106419531871382,merchant_8,grocery_pos,100.16,F,47.979409,-88.053024,68694,47.515572,-88.547594,0
txn_0042,2024-01-10 06:00:00,4249387575832211,merchant_20,shopping_net,65.45,M,38.138351,-101.521829,141497,37.870921,-101.654317,0
txn_0043,2024-01-10 07:00:00,4553579400657995,merchant_16,entertainment,29.21,M,31.990852,-122.335837,279823,31.513564,-122.745789,0
txn_0044,2024-01-10 07:00:00,4106419531871382,merchant_10,grocery_pos,121.21,F,47.979409,-88.053024,68694,47.717962,-87.703615,0
txn_0045,2024-01-10 14:00:00,4657863285040527,merchant_35,misc_pos,142.92,F,42.809393,-87.753504,209594,42.427871,-87.40297,0
txn_0046,2024-01-10 21:00:00,4736705688482219,merchant_20,food_dining,92.12,F,46.184316,-96.803822,443258,45.803988,-96.938903,0
txn_0047,2024-01-11 04:00:00,4520672402471537,merchant_6,food_dining,11.51,M,35.094964,-122.832948,182157,35.030061,-122.340572,0
txn_0048,2024-01-11 04:00:00,4657863285040527,merchant_5,entertainment,104.48,F,42.809393,-87.753504,209594,42.321695,-87.799186,0
txn_0049,2024-01-11 04:00:00,4370459706034868,merchant_31,misc_pos,33.99,M,35.799784,-113.768547,231738,35.307146,-113.481622,0
txn_0050,2024-01-11 07:00:00,4141595888568774,merchant_10,food_dining,73.05,F,35.309649,-102.801073,164632,34.960322,-103.120147,0
txn_0051,2024-01-11 08:00:00,4736705688482219,merchant_39,entertainment,50.09,F,46.184316,-96.803822,443258,46.371981,-96.598416,0
txn_0052,2024-01-11 12:00:00,4969176377347722,merchant_20,food_dining,87.9,M,41.488474,-99.734479,389486,41.461964,-99.967503,0
txn_0053,2024-01-11 14:00:00,4909552243871349,merchant_26,food_dining,94.95,M,44.556309,-105.608097,293768,44.533815,-105.346664,0
txn_0054,2024-01-11 15:00:00,4933023221600210,merchant_24,food_dining,92.45,F,43.500301,-98.761394,317333,43.412873,-98.887209,0
txn_0055,2024-01-11 16:00:00,4520672402471537,merchant_30,grocery_pos,134.55,M,35.094964,-122.832948,182157,35.113822,-123.017019,0
txn_0056,2024-01-11 21:00:00,4884145711366816,merchant_38,misc_pos,67.56,M,28.98194,-119.047066,354934,29.107953,-119.186408,0
txn_0057,2024-01-12 02:00:00,4327495564412545,merchant_36,shopping_net,52.61,M,40.772097,-107.96867,190042,40.807532,-107.62011,0
txn_0058,2024-01-12 09:00:00,4599382791520842,merchant_7,gas_transport,77.61,M,45.114927,-113.392528,140614,44.758824,-113.878592,0
txn_0059,2024-01-12 09:00:00,4106419531871382,merchant_32,shopping_net,116.96,F,47.979409,-88.053024,68694,48.17753,-87.715044,0
txn_0060,2024-01-12 12:00:00,4553579400657995,merchant_20,entertainment,28.38,M,31.990852,-122.335837,279823,31.991897,-122.683525,0
txn_0061,2024-01-12 15:00:00,4736705688482219,merchant_19,grocery_pos,6.56,F,46.184316,-96.803822,443258,45.893373,-96.778734,0
txn_0062,2024-01-12 17:00:00,4370459706034868,merchant_28,gas_transport,71.54,M,35.799784,-113.768547,231738,35.868525,-114.12875,0
txn_0063,2024-01-12 17:00:00,4106419531871382,merchant_22,misc_pos,23.11,F,47.979409,-88.053024,68694,47.98394,-87.807836,0
txn_0064,2024-01-13 01:00:00,4933023221600210,merchant_11,gas_transport,130.79,F,43.500301,-98.761394,317333,43.454198,-99.013554,0
txn_0065,2024-01-13 04:00:00,4106419531871382,merchant_34,grocery_pos,111.52,F,47.979409,-88.053024,68694,47.67245,-88.282265,0
txn_0066,2024-01-13 05:00:00,4909552243871349,merchant_29,misc_pos,118.39,M,44.556309,-105.608097,293768,44.92311,-105.993993,0
txn_0067,2024-01-13 06:00:00,4370459706034868,merchant_23,misc_pos,73.31,M,35.799784,-113.768547,231738,35.86502,-113.503548,0
txn_0068,2024-01-13 09:00:00,4599382791520842,merchant_6,entertainment,22.67,M,45.114927,-113.392528,140614,45.121257,-113.198266,0
txn_0069,2024-01-13 16:00:00,4657863285040527,merchant_21,food_dining,71.49,F,42.809393,-87.753504,209594,42.751707,-87.951576,0
txn_0070,2024-01-14 00:00:00,4520672402471537,merchant_15,gas_transport,59.18,M,35.094964,-122.832948,182157,34.68943,-122.586158,0
txn_0071,2024-01-14 02:00:00,4553579400657995,merchant_18,food_dining,48.72,M,31.990852,-122.335837,279823,32.121135,-122.474024,0
txn_0072,2024-01-14 03:00:00,4141595888568774,merchant_2,entertainment,47.35,F,35.309649,-102.801073,164632,35.299847,-102.714628,0
txn_0073,2024-01-14 03:00:00,4327495564412545,merchant_7,entertainment,82.24,M,40.772097,-107.96867,190042,40.905015,-108.180515,0
txn_0074,2024-01-14 06:00:00,4520672402471537,merchant_37,entertainment,22.8,M,35.094964,-122.832948,182157,35.426076,-123.179663,0
txn_0075,2024-01-14 11:00:00,4327495564412545,merchant_8,misc_pos,129.8,M,40.772097,-107.96867,190042,40.4042,-107.854291,0
txn_0076,2024-01-14 13:00:00,4553579400657995,merchant_18,gas_transport,144.48,M,31.990852,-122.335837,279823,32.399433,-122.13613,0
txn_0077,2024-01-14 19:00:00,4736705688482219,merchant_7,entertainment,148.42,F,46.184316,-96.803822,443258,46.240285,-96.464752,0
txn_0078,2024-01-14 23:00:00,4327495564412545,merchant_38,food_dining,17.25,M,40.772097,-107.96867,190042,41.208037,-108.331262,0
txn_0079,2024-01-15 05:00:00,4599382791520842,merchant_33,grocery_pos,121.6,M,45.114927,-113.392528,140614,45.330334,-113.153544,0
txn_0080,2024-01-15 08:00:00,4106419531871382,merchant_1,grocery_pos,93.67,F,47.979409,-88.053024,68694,47.533909,-87.936715,0
txn_0081,2024-01-15 11:00:00,4909552243871349,merchant_5,food_dining,85.2,M,44.556309,-105.608097,293768,44.710411,-105.138282,0
txn_0082,2024-01-15 16:00:00,4327495564412545,merchant_32,grocery_pos,118.48,M,40.772097,-107.96867,190042,41.067212,-107.522643,0
txn_0083,2024-01-15 17:00:00,4141595888568774,merchant_22,misc_pos,519.3,F,35.309649,-102.801073,164632,40.807063,-100.599654,1
txn_0084,2024-01-15 22:00:00,4657863285040527,merchant_31,entertainment,149.57,F,42.809393,-87.753504,209594,43.188593,-87.969595,0
txn_0085,2024-01-16 00:00:00,4933023221600210,merchant_30,shopping_net,20.27,F,43.500301,-98.761394,317333,43.06686,-98.66696,0
txn_0086,2024-01-16 03:00:00,4909552243871349,merchant_12,gas_transport,113.75,M,44.556309,-105.608097,293768,44.402802,-105.984227,0
txn_0087,2024-01-16 14:00:00,4327495564412545,merchant_6,misc_pos,18.78,M,40.772097,-107.96867,190042,40.888263,-108.297379,0
txn_0088,2024-01-16 15:00:00,4599382791520842,merchant_5,misc_pos,62.65,M,45.114927,-113.392528,140614,44.915876,-113.403944,0
txn_0089,2024-01-16 15:00:00,4933023221600210,merchant_24,grocery_pos,50.0,F,43.500301,-98.761394,317333,43.144173,-98.340423,0
txn_0090,2024-01-16 20:00:00,4327495564412545,merchant_23,misc_pos,80.78,M,40.772097,-107.96867,190042,41.03602,-107.669426,0
txn_0091,2024-01-17 01:00:00,4141595888568774,merchant_27,food_dining,13.43,F,35.309649,-102.801073,164632,35.176257,-102.761546,0
txn_0092,2024-01-17 07:00:00,4933023221600210,merchant_12,gas_transport,21.75,F,43.500301,-98.761394,317333,43.021449,-99.205998,0
txn_0093,2024-01-18 00:00:00,4933023221600210,merchant_33,gas_transport,832.03,F,43.500301,-98.761394,317333,46.391733,-100.463306,1
txn_0094,2024-01-18 05:00:00,4141595888568774,merchant_15,misc_pos,74.97,F,35.309649,-102.801073,164632,35.578277,-102.449058,0
txn_0095,2024-01-18 10:00:00,4327495564412545,merchant_29,grocery_pos,140.03,M,40.772097,-107.96867,190042,40.391831,-108.351567,0
txn_0096,2024-01-18 16:00:00,4599382791520842,merchant_24,misc_pos,46.53,M,45.114927,-113.392528,140614,45.539735,-113.867669,0
txn_0097,2024-01-19 07:00:00,4599382791520842,merchant_25,grocery_pos,25.35,M,45.114927,-113.392528,140614,45.034041,-112.926296,0
txn_0098,2024-01-20 22:00:00,4933023221600210,merchant_20,food_dining,128.41,F,43.500301,-98.761394,317333,43.043776,-99.079895,0
